{"v":"5.7.1","fr":60,"ip":100,"op":140,"w":900,"h":600,"nm":"DuckWalking","ddd":0,"assets":[{"id":"comp_0","layers":[{"ddd":0,"ind":1,"ty":4,"nm":"front_wing","parent":7,"sr":1,"ks":{"o":{"a":0,"k":100,"ix":11},"r":{"a":1,"k":[{"i":{"x":[0.667],"y":[1]},"o":{"x":[0.333],"y":[0]},"t":105,"s":[30]},{"i":{"x":[0.667],"y":[1]},"o":{"x":[0.333],"y":[0]},"t":125,"s":[-60]},{"t":142.5,"s":[30]}],"ix":10},"p":{"a":1,"k":[{"i":{"x":0.833,"y":0.833},"o":{"x":0.167,"y":0.167},"t":100,"s":[42,50.754,0],"to":[6.833,0,0],"ti":[0,0,0]},{"i":{"x":0.833,"y":0.833},"o":{"x":0.167,"y":0.167},"t":120,"s":[83,50.754,0],"to":[0,0,0],"ti":[6.833,0,0]},{"t":140,"s":[42,50.754,0]}],"ix":2},"a":{"a":0,"k":[125.375,107.833,0],"ix":1},"s":{"a":0,"k":[100,100,100],"ix":6}},"ao":0,"shapes":[{"ty":"gr","it":[{"ind":0,"ty":"sh","ix":1,"ks":{"a":1,"k":[{"i":{"x":0.667,"y":1},"o":{"x":0.333,"y":0},"t":100,"s":[{"i":[[34.868,-19.767],[0,0]],"o":[[-34.868,19.767],[0,0]],"v":[[8.542,-25],[-8.542,25]],"c":false}]},{"i":{"x":0.667,"y":1},"o":{"x":0.333,"y":0},"t":120,"s":[{"i":[[-22.121,-27.645],[0,0]],"o":[[22.121,27.645],[0,0]],"v":[[8.542,-25],[-8.542,25]],"c":false}]},{"t":140,"s":[{"i":[[34.017,-6.574],[0,0]],"o":[[-34.017,6.574],[0,0]],"v":[[8.542,-25],[-8.542,25]],"c":false}]}],"ix":2},"nm":"Path 1","mn":"ADBE Vector Shape - Group","hd":false},{"ty":"st","c":{"a":0,"k":[0.12004032509,0.29257145302,0.462178308824,1],"ix":3},"o":{"a":0,"k":100,"ix":4},"w":{"a":0,"k":43,"ix":5},"lc":2,"lj":1,"ml":10,"bm":0,"nm":"Stroke 1","mn":"ADBE Vector Graphic - Stroke","hd":false},{"ty":"tr","p":{"a":0,"k":[116.041,132.5],"ix":2},"a":{"a":0,"k":[0,0],"ix":1},"s":{"a":0,"k":[100,100],"ix":3},"r":{"a":0,"k":0,"ix":6},"o":{"a":0,"k":100,"ix":7},"sk":{"a":0,"k":0,"ix":4},"sa":{"a":0,"k":0,"ix":5},"nm":"Transform"}],"nm":"Group 1","np":2,"cix":2,"bm":0,"ix":1,"mn":"ADBE Vector Group","hd":false}],"ip":0,"op":3000,"st":0,"bm":0},{"ddd":0,"ind":2,"ty":4,"nm":"eye Outlines","parent":4,"sr":1,"ks":{"o":{"a":0,"k":100,"ix":11},"r":{"a":0,"k":0,"ix":10},"p":{"a":1,"k":[{"i":{"x":0.667,"y":1},"o":{"x":0.333,"y":0},"t":100,"s":[28.875,49.594,0],"to":[3.889,0,0],"ti":[0,0,0]},{"i":{"x":0.667,"y":1},"o":{"x":0.333,"y":0},"t":120,"s":[52.208,49.594,0],"to":[0,0,0],"ti":[3.889,0,0]},{"t":140,"s":[28.875,49.594,0]}],"ix":2,"x":"var $bm_rt;\n$bm_rt = loopOut('cycle');"},"a":{"a":0,"k":[18.125,18.125,0],"ix":1},"s":{"a":0,"k":[100,100,100],"ix":6}},"ao":0,"shapes":[{"ty":"gr","it":[{"ind":0,"ty":"sh","ix":1,"ks":{"a":0,"k":{"i":[[0,-7.744],[7.744,0],[0,7.743],[-7.743,0]],"o":[[0,7.743],[-7.743,0],[0,-7.744],[7.744,0]],"v":[[14.021,0],[0,14.021],[-14.021,0],[0,-14.021]],"c":true},"ix":2},"nm":"Path 1","mn":"ADBE Vector Shape - Group","hd":false},{"ty":"fl","c":{"a":0,"k":[0.121568634931,0.294117647059,0.462745127958,1],"ix":4},"o":{"a":0,"k":100,"ix":5},"r":1,"bm":0,"nm":"Fill 1","mn":"ADBE Vector Graphic - Fill","hd":false},{"ty":"tr","p":{"a":0,"k":[21.979,18.271],"ix":2},"a":{"a":0,"k":[0,0],"ix":1},"s":{"a":0,"k":[100,100],"ix":3},"r":{"a":0,"k":0,"ix":6},"o":{"a":0,"k":100,"ix":7},"sk":{"a":0,"k":0,"ix":4},"sa":{"a":0,"k":0,"ix":5},"nm":"Transform"}],"nm":"Group 1","np":2,"cix":2,"bm":0,"ix":1,"mn":"ADBE Vector Group","hd":false},{"ty":"gr","it":[{"ind":0,"ty":"sh","ix":1,"ks":{"a":0,"k":{"i":[[0,-9.872],[9.872,0],[0,9.872],[-9.872,0]],"o":[[0,9.872],[-9.872,0],[0,-9.872],[9.872,0]],"v":[[17.875,0],[0,17.875],[-17.875,0],[0,-17.875]],"c":true},"ix":2},"nm":"Path 1","mn":"ADBE Vector Shape - Group","hd":false},{"ty":"fl","c":{"a":0,"k":[1,1,1,1],"ix":4},"o":{"a":0,"k":100,"ix":5},"r":1,"bm":0,"nm":"Fill 1","mn":"ADBE Vector Graphic - Fill","hd":false},{"ty":"tr","p":{"a":0,"k":[18.125,18.125],"ix":2},"a":{"a":0,"k":[0,0],"ix":1},"s":{"a":0,"k":[100,100],"ix":3},"r":{"a":0,"k":0,"ix":6},"o":{"a":0,"k":100,"ix":7},"sk":{"a":0,"k":0,"ix":4},"sa":{"a":0,"k":0,"ix":5},"nm":"Transform"}],"nm":"Group 2","np":2,"cix":2,"bm":0,"ix":2,"mn":"ADBE Vector Group","hd":false}],"ip":0,"op":3000,"st":0,"bm":0},{"ddd":0,"ind":3,"ty":4,"nm":"beak Outlines","parent":4,"sr":1,"ks":{"o":{"a":0,"k":100,"ix":11},"r":{"a":0,"k":0,"ix":10},"p":{"a":1,"k":[{"i":{"x":0.667,"y":1},"o":{"x":0.333,"y":0},"t":100,"s":[62.416,53.719,0],"to":[3.889,0,0],"ti":[0,0,0]},{"i":{"x":0.667,"y":1},"o":{"x":0.333,"y":0},"t":120,"s":[85.75,53.719,0],"to":[0,0,0],"ti":[3.889,0,0]},{"t":140,"s":[62.416,53.719,0]}],"ix":2,"x":"var $bm_rt;\n$bm_rt = loopOut('cycle');"},"a":{"a":0,"k":[41.5,45.5,0],"ix":1},"s":{"a":0,"k":[100,100,100],"ix":6}},"ao":0,"shapes":[{"ty":"gr","it":[{"ind":0,"ty":"sh","ix":1,"ks":{"a":0,"k":{"i":[[0,0],[0,0]],"o":[[0,0],[0,0]],"v":[[-6,6],[12.333,6.083]],"c":false},"ix":2},"nm":"Path 1","mn":"ADBE Vector Shape - Group","hd":false},{"ty":"st","c":{"a":0,"k":[0.957000014361,0.735605755974,0,1],"ix":3},"o":{"a":0,"k":100,"ix":4},"w":{"a":0,"k":14,"ix":5},"lc":2,"lj":1,"ml":10,"bm":0,"nm":"Stroke 1","mn":"ADBE Vector Graphic - Stroke","hd":false},{"ty":"fl","c":{"a":0,"k":[0.834999952129,0,0.957000014361,1],"ix":4},"o":{"a":0,"k":100,"ix":5},"r":1,"bm":0,"nm":"Fill 1","mn":"ADBE Vector Graphic - Fill","hd":false},{"ty":"tr","p":{"a":0,"k":[41,41],"ix":2},"a":{"a":0,"k":[0,0],"ix":1},"s":{"a":0,"k":[100,100],"ix":3},"r":{"a":0,"k":0,"ix":6},"o":{"a":0,"k":100,"ix":7},"sk":{"a":0,"k":0,"ix":4},"sa":{"a":0,"k":0,"ix":5},"nm":"Transform"}],"nm":"Group 1","np":3,"cix":2,"bm":0,"ix":1,"mn":"ADBE Vector Group","hd":false},{"ty":"gr","it":[{"ind":0,"ty":"sh","ix":1,"ks":{"a":0,"k":{"i":[[0,0],[0,0]],"o":[[0,0],[0,0]],"v":[[-6.5,-4.5],[11.667,-4.417]],"c":false},"ix":2},"nm":"Path 1","mn":"ADBE Vector Shape - Group","hd":false},{"ty":"st","c":{"a":0,"k":[0.957000014361,0.735605755974,0,1],"ix":3},"o":{"a":0,"k":100,"ix":4},"w":{"a":0,"k":14,"ix":5},"lc":2,"lj":1,"ml":10,"bm":0,"nm":"Stroke 1","mn":"ADBE Vector Graphic - Stroke","hd":false},{"ty":"fl","c":{"a":0,"k":[0.834999952129,0,0.957000014361,1],"ix":4},"o":{"a":0,"k":100,"ix":5},"r":1,"bm":0,"nm":"Fill 1","mn":"ADBE Vector Graphic - Fill","hd":false},{"ty":"tr","p":{"a":0,"k":[41.5,51.5],"ix":2},"a":{"a":0,"k":[0,0],"ix":1},"s":{"a":0,"k":[100,100],"ix":3},"r":{"a":0,"k":0,"ix":6},"o":{"a":0,"k":100,"ix":7},"sk":{"a":0,"k":0,"ix":4},"sa":{"a":0,"k":0,"ix":5},"nm":"Transform"}],"nm":"Group 2","np":3,"cix":2,"bm":0,"ix":2,"mn":"ADBE Vector Group","hd":false}],"ip":0,"op":3000,"st":0,"bm":0},{"ddd":0,"ind":4,"ty":4,"nm":"head Outlines","parent":7,"sr":1,"ks":{"o":{"a":0,"k":100,"ix":11},"r":{"a":1,"k":[{"i":{"x":[0.667],"y":[1]},"o":{"x":[0.333],"y":[0]},"t":95,"s":[15]},{"i":{"x":[0.667],"y":[1]},"o":{"x":[0.333],"y":[0]},"t":115,"s":[-10]},{"t":135,"s":[15]}],"ix":10},"p":{"a":0,"k":[66.568,30.936,0],"ix":2},"a":{"a":0,"k":[24.75,91.735,0],"ix":1},"s":{"a":0,"k":[100,100,100],"ix":6}},"ao":0,"shapes":[{"ty":"gr","it":[{"ind":0,"ty":"sh","ix":1,"ks":{"a":0,"k":{"i":[[0,0],[4.657,2.245],[-2.245,4.658]],"o":[[-2.245,4.657],[-4.658,-2.246],[0,0]],"v":[[9.556,0.759],[-2.943,5.127],[-7.311,-7.372]],"c":false},"ix":2},"nm":"Path 1","mn":"ADBE Vector Shape - Group","hd":false},{"ty":"fl","c":{"a":0,"k":[0.384313732386,0.615686297417,0.843137264252,1],"ix":4},"o":{"a":0,"k":100,"ix":5},"r":1,"bm":0,"nm":"Fill 1","mn":"ADBE Vector Graphic - Fill","hd":false},{"ty":"tr","p":{"a":0,"k":[26.676,16.122],"ix":2},"a":{"a":0,"k":[0,0],"ix":1},"s":{"a":0,"k":[100,100],"ix":3},"r":{"a":0,"k":0,"ix":6},"o":{"a":0,"k":100,"ix":7},"sk":{"a":0,"k":0,"ix":4},"sa":{"a":0,"k":0,"ix":5},"nm":"Transform"}],"nm":"Group 1","np":2,"cix":2,"bm":0,"ix":1,"mn":"ADBE Vector Group","hd":false},{"ty":"gr","it":[{"ind":0,"ty":"sh","ix":1,"ks":{"a":0,"k":{"i":[[0,-21.631],[21.631,0],[0,21.631],[-21.631,0]],"o":[[0,21.631],[-21.631,0],[0,-21.631],[21.631,0]],"v":[[39.167,0],[-0.001,39.167],[-39.167,0],[-0.001,-39.167]],"c":true},"ix":2},"nm":"Path 1","mn":"ADBE Vector Shape - Group","hd":false},{"ty":"fl","c":{"a":0,"k":[0.38431372549,0.61568627451,0.843137254902,1],"ix":4},"o":{"a":0,"k":100,"ix":5},"r":1,"bm":0,"nm":"Fill 1","mn":"ADBE Vector Graphic - Fill","hd":false},{"ty":"tr","p":{"a":0,"k":[39.416,55.386],"ix":2},"a":{"a":0,"k":[0,0],"ix":1},"s":{"a":0,"k":[100,100],"ix":3},"r":{"a":0,"k":0,"ix":6},"o":{"a":0,"k":100,"ix":7},"sk":{"a":0,"k":0,"ix":4},"sa":{"a":0,"k":0,"ix":5},"nm":"Transform"}],"nm":"Group 2","np":2,"cix":2,"bm":0,"ix":2,"mn":"ADBE Vector Group","hd":false},{"ty":"gr","it":[{"ind":0,"ty":"sh","ix":1,"ks":{"a":0,"k":{"i":[[0,0],[1.706,4.881],[-4.881,1.705]],"o":[[-4.881,1.706],[-1.706,-4.881],[0,0]],"v":[[6.816,7.984],[-5.11,2.236],[0.639,-9.691]],"c":false},"ix":2},"nm":"Path 1","mn":"ADBE Vector Shape - Group","hd":false},{"ty":"fl","c":{"a":0,"k":[0.38431372549,0.61568627451,0.843137254902,1],"ix":4},"o":{"a":0,"k":100,"ix":5},"r":1,"bm":0,"nm":"Fill 1","mn":"ADBE Vector Graphic - Fill","hd":false},{"ty":"tr","p":{"a":0,"k":[34.738,9.941],"ix":2},"a":{"a":0,"k":[0,0],"ix":1},"s":{"a":0,"k":[100,100],"ix":3},"r":{"a":0,"k":0,"ix":6},"o":{"a":0,"k":100,"ix":7},"sk":{"a":0,"k":0,"ix":4},"sa":{"a":0,"k":0,"ix":5},"nm":"Transform"}],"nm":"Group 3","np":2,"cix":2,"bm":0,"ix":3,"mn":"ADBE Vector Group","hd":false}],"ip":0,"op":3000,"st":0,"bm":0},{"ddd":0,"ind":5,"ty":4,"nm":"body_yellow","parent":7,"td":1,"sr":1,"ks":{"o":{"a":0,"k":100,"ix":11},"r":{"a":0,"k":0,"ix":10},"p":{"a":0,"k":[80.159,50.335,0],"ix":2},"a":{"a":0,"k":[80.159,50.335,0],"ix":1},"s":{"a":0,"k":[100,100,100],"ix":6}},"ao":0,"shapes":[{"ty":"gr","it":[{"ind":0,"ty":"sh","ix":1,"ks":{"a":0,"k":{"i":[[22.714,0],[0,0],[3.614,-1.039],[1.835,5.137],[0.384,1.338],[2.601,-3.882],[-10.314,-21.022],[-18.907,0],[0,0],[0,22.714],[0,0]],"o":[[0,0],[-3.948,0],[-5.243,1.507],[-0.47,-1.316],[-1.289,-4.491],[-13.26,19.79],[4.808,17.377],[0,0],[22.714,0],[0,0],[0,-22.714]],"v":[[20.573,-35.828],[-11.755,-35.828],[-20.803,-34.22],[-28.794,-40.746],[-30.075,-44.728],[-37.311,-46.308],[-51.387,19.945],[-11.755,50.085],[20.573,50.085],[61.7,8.958],[61.7,5.3]],"c":true},"ix":2},"nm":"Path 1","mn":"ADBE Vector Shape - Group","hd":false},{"ty":"fl","c":{"a":0,"k":[0.956862807274,0.737254917622,0,1],"ix":4},"o":{"a":0,"k":100,"ix":5},"r":1,"bm":0,"nm":"Fill 1","mn":"ADBE Vector Graphic - Fill","hd":false},{"ty":"tr","p":{"a":0,"k":[61.95,50.335],"ix":2},"a":{"a":0,"k":[0,0],"ix":1},"s":{"a":0,"k":[100,100],"ix":3},"r":{"a":0,"k":0,"ix":6},"o":{"a":0,"k":100,"ix":7},"sk":{"a":0,"k":0,"ix":4},"sa":{"a":0,"k":0,"ix":5},"nm":"Transform"}],"nm":"Group 2","np":2,"cix":2,"bm":0,"ix":1,"mn":"ADBE Vector Group","hd":false}],"ip":0,"op":3000,"st":0,"bm":0},{"ddd":0,"ind":6,"ty":4,"nm":"body Outlines 2","tt":1,"sr":1,"ks":{"o":{"a":0,"k":100,"ix":11},"r":{"a":0,"k":0,"ix":10},"p":{"a":1,"k":[{"i":{"x":0.833,"y":0.833},"o":{"x":0.167,"y":0.167},"t":100,"s":[974.137,564.372,0],"to":[0,0,0],"ti":[0,0,0]},{"i":{"x":0.833,"y":0.833},"o":{"x":0.167,"y":0.167},"t":110,"s":[974.137,580,0],"to":[0,0,0],"ti":[0,0,0]},{"t":120,"s":[974.137,564.372,0]}],"ix":2,"x":"var $bm_rt;\n$bm_rt = loopOut('cycle');"},"a":{"a":0,"k":[80.159,50.335,0],"ix":1},"s":{"a":0,"k":[150,150,100],"ix":6}},"ao":0,"shapes":[{"ty":"gr","it":[{"ind":0,"ty":"sh","ix":1,"ks":{"a":1,"k":[{"i":{"x":0.833,"y":1},"o":{"x":0.333,"y":0},"t":100,"s":[{"i":[[-17.368,0],[0,0],[0,17.368],[17.367,0],[0,0],[0,-17.367]],"o":[[0,0],[17.367,0],[0,-17.367],[0,0],[-17.368,0],[0,17.368]],"v":[[-10.952,31.517],[10.036,31.517],[41.483,0.07],[10.036,-31.376],[-10.952,-31.376],[-42.399,0.07]],"c":true}]},{"i":{"x":0.833,"y":1},"o":{"x":0.333,"y":0},"t":120,"s":[{"i":[[-17.368,0],[0,0],[0,17.368],[17.367,0],[0,0],[0,-17.367]],"o":[[0,0],[17.367,0],[0,-17.367],[0,0],[-17.368,0],[0,17.368]],"v":[[26.381,31.359],[47.369,31.359],[78.816,-0.088],[47.369,-31.534],[26.381,-31.534],[-5.066,-0.088]],"c":true}]},{"t":140,"s":[{"i":[[-17.368,0],[0,0],[0,17.368],[17.367,0],[0,0],[0,-17.367]],"o":[[0,0],[17.367,0],[0,-17.367],[0,0],[-17.368,0],[0,17.368]],"v":[[-10.952,31.517],[10.036,31.517],[41.483,0.07],[10.036,-31.376],[-10.952,-31.376],[-42.399,0.07]],"c":true}]}],"ix":2},"nm":"Path 1","mn":"ADBE Vector Shape - Group","hd":false},{"ty":"mm","mm":4,"nm":"Merge Paths 1","mn":"ADBE Vector Filter - Merge","hd":false},{"ty":"fl","c":{"a":0,"k":[0.956862745098,0.737254901961,0,1],"ix":4},"o":{"a":0,"k":100,"ix":5},"r":1,"bm":0,"nm":"Fill 1","mn":"ADBE Vector Graphic - Fill","hd":false},{"ty":"tr","p":{"a":0,"k":[100.024,66.411],"ix":2},"a":{"a":0,"k":[0,0],"ix":1},"s":{"a":0,"k":[100,100],"ix":3},"r":{"a":0,"k":0,"ix":6},"o":{"a":0,"k":100,"ix":7},"sk":{"a":0,"k":0,"ix":4},"sa":{"a":0,"k":0,"ix":5},"nm":"Transform"}],"nm":"Group 1","np":3,"cix":2,"bm":0,"ix":1,"mn":"ADBE Vector Group","hd":false}],"ip":0,"op":3000,"st":0,"bm":0},{"ddd":0,"ind":7,"ty":4,"nm":"body Outlines","sr":1,"ks":{"o":{"a":0,"k":100,"ix":11},"r":{"a":0,"k":0,"ix":10},"p":{"a":1,"k":[{"i":{"x":0.833,"y":0.833},"o":{"x":0.167,"y":0.167},"t":100,"s":[974.137,564.372,0],"to":[0,0,0],"ti":[0,0,0]},{"i":{"x":0.833,"y":0.833},"o":{"x":0.167,"y":0.167},"t":110,"s":[974.137,580,0],"to":[0,0,0],"ti":[0,0,0]},{"t":120,"s":[974.137,564.372,0]}],"ix":2,"x":"var $bm_rt;\n$bm_rt = loopOut('cycle');"},"a":{"a":0,"k":[80.159,50.335,0],"ix":1},"s":{"a":0,"k":[150,150,100],"ix":6}},"ao":0,"shapes":[{"ty":"gr","it":[{"ind":0,"ty":"sh","ix":1,"ks":{"a":1,"k":[{"i":{"x":0.667,"y":1},"o":{"x":0.333,"y":0},"t":100,"s":[{"i":[[22.714,0],[0,0],[3.614,-1.039],[1.835,5.137],[0.384,1.338],[2.601,-3.882],[-10.314,-21.022],[-18.907,0],[0,0],[0,22.714],[0,0]],"o":[[0,0],[-3.948,0],[-5.243,1.507],[-0.47,-1.316],[-1.289,-4.491],[-13.26,19.79],[4.808,17.377],[0,0],[22.714,0],[0,0],[0,-22.714]],"v":[[20.573,-35.828],[-11.755,-35.828],[-20.803,-34.22],[-28.794,-40.746],[-30.075,-44.728],[-37.311,-46.308],[-51.387,19.945],[-11.755,50.085],[20.573,50.085],[61.7,8.958],[61.7,5.3]],"c":true}]},{"i":{"x":0.667,"y":1},"o":{"x":0.333,"y":0},"t":120,"s":[{"i":[[22.714,0],[0,0],[3.614,-1.039],[1.835,5.137],[0.384,1.338],[2.601,-3.882],[-10.314,-21.022],[-18.907,0],[0,0],[0,22.714],[0,0]],"o":[[0,0],[-3.948,0],[-5.243,1.507],[-0.47,-1.316],[-1.289,-4.491],[-13.26,19.79],[4.808,17.377],[0,0],[22.714,0],[0,0],[0,-22.714]],"v":[[20.573,-35.828],[-11.755,-35.828],[-23.137,-34.233],[-35.794,-40.672],[-37.075,-44.654],[-46.978,-46.203],[-51.387,19.945],[-11.755,50.085],[20.573,50.085],[61.7,8.958],[61.7,5.3]],"c":true}]},{"t":140,"s":[{"i":[[22.714,0],[0,0],[3.614,-1.039],[1.835,5.137],[0.384,1.338],[2.601,-3.882],[-10.314,-21.022],[-18.907,0],[0,0],[0,22.714],[0,0]],"o":[[0,0],[-3.948,0],[-5.243,1.507],[-0.47,-1.316],[-1.289,-4.491],[-13.26,19.79],[4.808,17.377],[0,0],[22.714,0],[0,0],[0,-22.714]],"v":[[20.573,-35.828],[-11.755,-35.828],[-20.803,-34.22],[-28.794,-40.746],[-30.075,-44.728],[-37.311,-46.308],[-51.387,19.945],[-11.755,50.085],[20.573,50.085],[61.7,8.958],[61.7,5.3]],"c":true}]}],"ix":2},"nm":"Path 1","mn":"ADBE Vector Shape - Group","hd":false},{"ty":"fl","c":{"a":0,"k":[0.385278582573,0.615253984928,0.843964457512,1],"ix":4},"o":{"a":0,"k":100,"ix":5},"r":1,"bm":0,"nm":"Fill 1","mn":"ADBE Vector Graphic - Fill","hd":false},{"ty":"tr","p":{"a":0,"k":[61.95,50.335],"ix":2},"a":{"a":0,"k":[0,0],"ix":1},"s":{"a":0,"k":[100,100],"ix":3},"r":{"a":0,"k":0,"ix":6},"o":{"a":0,"k":100,"ix":7},"sk":{"a":0,"k":0,"ix":4},"sa":{"a":0,"k":0,"ix":5},"nm":"Transform"}],"nm":"Group 2","np":2,"cix":2,"bm":0,"ix":2,"mn":"ADBE Vector Group","hd":false}],"ip":0,"op":3000,"st":0,"bm":0},{"ddd":0,"ind":8,"ty":4,"nm":"back_wing","parent":7,"sr":1,"ks":{"o":{"a":0,"k":100,"ix":11},"r":{"a":1,"k":[{"i":{"x":[0.667],"y":[1]},"o":{"x":[0.333],"y":[0]},"t":105,"s":[-60]},{"i":{"x":[0.667],"y":[1]},"o":{"x":[0.333],"y":[0]},"t":125,"s":[30]},{"t":142.5,"s":[-60]}],"ix":10},"p":{"a":1,"k":[{"i":{"x":0.833,"y":0.833},"o":{"x":0.167,"y":0.167},"t":100,"s":[87,50.754,0],"to":[-6.833,0,0],"ti":[0,0,0]},{"i":{"x":0.833,"y":0.833},"o":{"x":0.167,"y":0.167},"t":120,"s":[46,50.754,0],"to":[0,0,0],"ti":[-6.833,0,0]},{"t":140,"s":[87,50.754,0]}],"ix":2},"a":{"a":0,"k":[125.375,107.833,0],"ix":1},"s":{"a":0,"k":[100,100,100],"ix":6}},"ao":0,"shapes":[{"ty":"gr","it":[{"ind":0,"ty":"sh","ix":1,"ks":{"a":1,"k":[{"i":{"x":0.667,"y":1},"o":{"x":0.333,"y":0},"t":100,"s":[{"i":[[-18.415,-32.191],[0,0]],"o":[[18.415,32.191],[0,0]],"v":[[8.542,-25],[-8.542,25]],"c":false}]},{"i":{"x":0.667,"y":1},"o":{"x":0.333,"y":0},"t":120,"s":[{"i":[[35.224,-9.925],[0,0]],"o":[[-35.224,9.925],[0,0]],"v":[[8.542,-25],[-8.542,25]],"c":false}]},{"t":140,"s":[{"i":[[-18.415,-32.191],[0,0]],"o":[[18.415,32.191],[0,0]],"v":[[8.542,-25],[-8.542,25]],"c":false}]}],"ix":2},"nm":"Path 1","mn":"ADBE Vector Shape - Group","hd":false},{"ty":"st","c":{"a":0,"k":[0.12004032509,0.29257145302,0.462178308824,1],"ix":3},"o":{"a":0,"k":100,"ix":4},"w":{"a":0,"k":43,"ix":5},"lc":2,"lj":1,"ml":10,"bm":0,"nm":"Stroke 1","mn":"ADBE Vector Graphic - Stroke","hd":false},{"ty":"tr","p":{"a":0,"k":[116.041,132.5],"ix":2},"a":{"a":0,"k":[0,0],"ix":1},"s":{"a":0,"k":[100,100],"ix":3},"r":{"a":0,"k":0,"ix":6},"o":{"a":0,"k":100,"ix":7},"sk":{"a":0,"k":0,"ix":4},"sa":{"a":0,"k":0,"ix":5},"nm":"Transform"}],"nm":"Group 1","np":2,"cix":2,"bm":0,"ix":1,"mn":"ADBE Vector Group","hd":false}],"ip":0,"op":3000,"st":0,"bm":0},{"ddd":0,"ind":9,"ty":4,"nm":"R_Foot","sr":1,"ks":{"o":{"a":0,"k":100,"ix":11},"r":{"a":1,"k":[{"i":{"x":[0.833],"y":[0.833]},"o":{"x":[0.167],"y":[0.167]},"t":80,"s":[0]},{"i":{"x":[0.833],"y":[0.833]},"o":{"x":[0.167],"y":[0.167]},"t":82.5,"s":[45]},{"i":{"x":[0.833],"y":[0.833]},"o":{"x":[0.167],"y":[0.167]},"t":87.5,"s":[11.736]},{"i":{"x":[0.833],"y":[0.833]},"o":{"x":[0.167],"y":[0.167]},"t":100,"s":[-35.079]},{"i":{"x":[0.833],"y":[0.833]},"o":{"x":[0.167],"y":[0.167]},"t":102.5,"s":[0]},{"t":120,"s":[0]}],"ix":10,"x":"var $bm_rt;\n$bm_rt = loopOut('cycle');"},"p":{"a":1,"k":[{"i":{"x":0.833,"y":0.833},"o":{"x":0.167,"y":0.167},"t":80,"s":[867.906,721.25,0],"to":[2.505,-4.107,0],"ti":[-6.443,6.504,0]},{"i":{"x":0.833,"y":0.833},"o":{"x":0.167,"y":0.167},"t":82.5,"s":[878.979,707.164,0],"to":[10.815,-10.918,0],"ti":[-12.084,0,0]},{"i":{"x":0.833,"y":0.833},"o":{"x":0.167,"y":0.167},"t":87.5,"s":[919.406,682.25,0],"to":[52.404,0,0],"ti":[0,0,0]},{"i":{"x":0.833,"y":0.833},"o":{"x":0.167,"y":0.167},"t":100,"s":[1039.906,721.25,0],"to":[0,0,0],"ti":[28.667,0,0]},{"t":120,"s":[867.906,721.25,0]}],"ix":2,"x":"var $bm_rt;\n$bm_rt = loopOut('cycle');"},"a":{"a":0,"k":[35.771,75.667,0],"ix":1},"s":{"a":0,"k":[150,150,100],"ix":6}},"ao":0,"shapes":[{"ty":"gr","it":[{"ind":0,"ty":"sh","ix":1,"ks":{"a":1,"k":[{"i":{"x":0.833,"y":0.833},"o":{"x":0.167,"y":0.167},"t":80,"s":[{"i":[[0,0],[0,0],[0,0]],"o":[[0,0],[0,0],[0,0]],"v":[[-7.041,20.334],[-1.368,20.334],[7.041,20.334]],"c":false}]},{"i":{"x":0.833,"y":0.833},"o":{"x":0.167,"y":0.167},"t":82.5,"s":[{"i":[[0,0],[0,0],[0,0]],"o":[[0,0],[0,0],[0,0]],"v":[[-7.041,20.334],[1.461,25.99],[7.041,20.334]],"c":false}]},{"i":{"x":0.833,"y":0.833},"o":{"x":0.167,"y":0.167},"t":85,"s":[{"i":[[0,0],[0,0],[0,0]],"o":[[0,0],[0,0],[0,0]],"v":[[-7.041,20.334],[-1.368,20.334],[7.041,20.334]],"c":false}]},{"i":{"x":0.833,"y":0.833},"o":{"x":0.167,"y":0.167},"t":100,"s":[{"i":[[0,0],[-3.518,-0.007],[0,0]],"o":[[0,0],[3.518,0.007],[0,0]],"v":[[-6.101,21.605],[1.235,23.587],[7.982,21.605]],"c":false}]},{"i":{"x":0.833,"y":0.833},"o":{"x":0.167,"y":0.167},"t":102.5,"s":[{"i":[[0,0],[0,0],[0,0]],"o":[[0,0],[0,0],[0,0]],"v":[[-7.041,20.334],[-1.368,20.334],[7.041,20.334]],"c":false}]},{"i":{"x":0.833,"y":0.833},"o":{"x":0.167,"y":0.167},"t":120,"s":[{"i":[[0,0],[0,0],[0,0]],"o":[[0,0],[0,0],[0,0]],"v":[[-7.041,20.334],[-1.368,20.334],[7.041,20.334]],"c":false}]},{"i":{"x":0.833,"y":0.833},"o":{"x":0.167,"y":0.167},"t":122.5,"s":[{"i":[[0,0],[0,0],[0,0]],"o":[[0,0],[0,0],[0,0]],"v":[[-7.041,20.334],[1.461,25.99],[7.041,20.334]],"c":false}]},{"i":{"x":0.833,"y":0.833},"o":{"x":0.167,"y":0.167},"t":125,"s":[{"i":[[0,0],[0,0],[0,0]],"o":[[0,0],[0,0],[0,0]],"v":[[-7.041,20.334],[-1.368,20.334],[7.041,20.334]],"c":false}]},{"i":{"x":0.833,"y":0.833},"o":{"x":0.167,"y":0.167},"t":140,"s":[{"i":[[0,0],[-3.518,-0.007],[0,0]],"o":[[0,0],[3.518,0.007],[0,0]],"v":[[-6.101,21.605],[1.235,23.587],[7.982,21.605]],"c":false}]},{"i":{"x":0.833,"y":0.833},"o":{"x":0.167,"y":0.167},"t":142.5,"s":[{"i":[[0,0],[0,0],[0,0]],"o":[[0,0],[0,0],[0,0]],"v":[[-7.041,20.334],[-1.368,20.334],[7.041,20.334]],"c":false}]},{"t":160,"s":[{"i":[[0,0],[0,0],[0,0]],"o":[[0,0],[0,0],[0,0]],"v":[[-7.041,20.334],[-1.368,20.334],[7.041,20.334]],"c":false}]}],"ix":2},"nm":"Path 1","mn":"ADBE Vector Shape - Group","hd":false},{"ty":"st","c":{"a":0,"k":[0.956862745098,0.737254901961,0,1],"ix":3},"o":{"a":0,"k":100,"ix":4},"w":{"a":0,"k":14,"ix":5},"lc":2,"lj":2,"bm":0,"nm":"Stroke 1","mn":"ADBE Vector Graphic - Stroke","hd":false},{"ty":"tr","p":{"a":0,"k":[42.041,55.334],"ix":2},"a":{"a":0,"k":[0,0],"ix":1},"s":{"a":0,"k":[100,100],"ix":3},"r":{"a":0,"k":0,"ix":6},"o":{"a":0,"k":100,"ix":7},"sk":{"a":0,"k":0,"ix":4},"sa":{"a":0,"k":0,"ix":5},"nm":"Transform"}],"nm":"Group 2","np":2,"cix":2,"bm":0,"ix":1,"mn":"ADBE Vector Group","hd":false}],"ip":-20,"op":2980,"st":-20,"bm":0},{"ddd":0,"ind":10,"ty":4,"nm":"L_Foot","sr":1,"ks":{"o":{"a":0,"k":100,"ix":11},"r":{"a":1,"k":[{"i":{"x":[0.833],"y":[0.833]},"o":{"x":[0.167],"y":[0.167]},"t":100,"s":[0]},{"i":{"x":[0.833],"y":[0.833]},"o":{"x":[0.167],"y":[0.167]},"t":102.5,"s":[45]},{"i":{"x":[0.833],"y":[0.833]},"o":{"x":[0.167],"y":[0.167]},"t":107.5,"s":[11.736]},{"i":{"x":[0.833],"y":[0.833]},"o":{"x":[0.167],"y":[0.167]},"t":120,"s":[-35.079]},{"i":{"x":[0.833],"y":[0.833]},"o":{"x":[0.167],"y":[0.167]},"t":122.5,"s":[0]},{"t":140,"s":[0]}],"ix":10,"x":"var $bm_rt;\n$bm_rt = loopOut('cycle');"},"p":{"a":1,"k":[{"i":{"x":0.833,"y":0.833},"o":{"x":0.167,"y":0.167},"t":100,"s":[867.906,721.25,0],"to":[2.505,-4.107,0],"ti":[-6.443,6.504,0]},{"i":{"x":0.833,"y":0.833},"o":{"x":0.167,"y":0.167},"t":102.5,"s":[878.979,707.164,0],"to":[10.815,-10.918,0],"ti":[-12.084,0,0]},{"i":{"x":0.833,"y":0.833},"o":{"x":0.167,"y":0.167},"t":107.5,"s":[919.406,682.25,0],"to":[52.404,0,0],"ti":[0,0,0]},{"i":{"x":0.833,"y":0.833},"o":{"x":0.167,"y":0.167},"t":120,"s":[1039.906,721.25,0],"to":[0,0,0],"ti":[28.667,0,0]},{"t":140,"s":[867.906,721.25,0]}],"ix":2,"x":"var $bm_rt;\n$bm_rt = loopOut('cycle');"},"a":{"a":0,"k":[35.771,75.667,0],"ix":1},"s":{"a":0,"k":[150,150,100],"ix":6}},"ao":0,"shapes":[{"ty":"gr","it":[{"ind":0,"ty":"sh","ix":1,"ks":{"a":1,"k":[{"i":{"x":0.833,"y":0.833},"o":{"x":0.167,"y":0.167},"t":100,"s":[{"i":[[0,0],[0,0],[0,0]],"o":[[0,0],[0,0],[0,0]],"v":[[-7.041,20.334],[-1.368,20.334],[7.041,20.334]],"c":false}]},{"i":{"x":0.833,"y":0.833},"o":{"x":0.167,"y":0.167},"t":102.5,"s":[{"i":[[0,0],[0,0],[0,0]],"o":[[0,0],[0,0],[0,0]],"v":[[-7.041,20.334],[1.461,25.99],[7.041,20.334]],"c":false}]},{"i":{"x":0.833,"y":0.833},"o":{"x":0.167,"y":0.167},"t":105,"s":[{"i":[[0,0],[0,0],[0,0]],"o":[[0,0],[0,0],[0,0]],"v":[[-7.041,20.334],[-1.368,20.334],[7.041,20.334]],"c":false}]},{"i":{"x":0.833,"y":0.833},"o":{"x":0.167,"y":0.167},"t":120,"s":[{"i":[[0,0],[-3.518,-0.007],[0,0]],"o":[[0,0],[3.518,0.007],[0,0]],"v":[[-6.101,21.605],[1.235,23.587],[7.982,21.605]],"c":false}]},{"i":{"x":0.833,"y":0.833},"o":{"x":0.167,"y":0.167},"t":122.5,"s":[{"i":[[0,0],[0,0],[0,0]],"o":[[0,0],[0,0],[0,0]],"v":[[-7.041,20.334],[-1.368,20.334],[7.041,20.334]],"c":false}]},{"i":{"x":0.833,"y":0.833},"o":{"x":0.167,"y":0.167},"t":140,"s":[{"i":[[0,0],[0,0],[0,0]],"o":[[0,0],[0,0],[0,0]],"v":[[-7.041,20.334],[-1.368,20.334],[7.041,20.334]],"c":false}]},{"i":{"x":0.833,"y":0.833},"o":{"x":0.167,"y":0.167},"t":142.5,"s":[{"i":[[0,0],[0,0],[0,0]],"o":[[0,0],[0,0],[0,0]],"v":[[-7.041,20.334],[1.461,25.99],[7.041,20.334]],"c":false}]},{"i":{"x":0.833,"y":0.833},"o":{"x":0.167,"y":0.167},"t":145,"s":[{"i":[[0,0],[0,0],[0,0]],"o":[[0,0],[0,0],[0,0]],"v":[[-7.041,20.334],[-1.368,20.334],[7.041,20.334]],"c":false}]},{"i":{"x":0.833,"y":0.833},"o":{"x":0.167,"y":0.167},"t":160,"s":[{"i":[[0,0],[-3.518,-0.007],[0,0]],"o":[[0,0],[3.518,0.007],[0,0]],"v":[[-6.101,21.605],[1.235,23.587],[7.982,21.605]],"c":false}]},{"i":{"x":0.833,"y":0.833},"o":{"x":0.167,"y":0.167},"t":162.5,"s":[{"i":[[0,0],[0,0],[0,0]],"o":[[0,0],[0,0],[0,0]],"v":[[-7.041,20.334],[-1.368,20.334],[7.041,20.334]],"c":false}]},{"t":180,"s":[{"i":[[0,0],[0,0],[0,0]],"o":[[0,0],[0,0],[0,0]],"v":[[-7.041,20.334],[-1.368,20.334],[7.041,20.334]],"c":false}]}],"ix":2},"nm":"Path 1","mn":"ADBE Vector Shape - Group","hd":false},{"ty":"st","c":{"a":0,"k":[0.956862745098,0.737254901961,0,1],"ix":3},"o":{"a":0,"k":100,"ix":4},"w":{"a":0,"k":14,"ix":5},"lc":2,"lj":2,"bm":0,"nm":"Stroke 1","mn":"ADBE Vector Graphic - Stroke","hd":false},{"ty":"tr","p":{"a":0,"k":[42.041,55.334],"ix":2},"a":{"a":0,"k":[0,0],"ix":1},"s":{"a":0,"k":[100,100],"ix":3},"r":{"a":0,"k":0,"ix":6},"o":{"a":0,"k":100,"ix":7},"sk":{"a":0,"k":0,"ix":4},"sa":{"a":0,"k":0,"ix":5},"nm":"Transform"}],"nm":"Group 2","np":2,"cix":2,"bm":0,"ix":1,"mn":"ADBE Vector Group","hd":false}],"ip":0,"op":3000,"st":0,"bm":0},{"ddd":0,"ind":11,"ty":4,"nm":"R_Leg","sr":1,"ks":{"o":{"a":0,"k":100,"ix":11},"r":{"a":0,"k":0,"ix":10},"p":{"a":0,"k":[960,540,0],"ix":2},"a":{"a":0,"k":[0,0,0],"ix":1},"s":{"a":0,"k":[100,100,100],"ix":6}},"ao":0,"shapes":[{"ty":"gr","it":[{"ind":0,"ty":"sh","ix":1,"ks":{"a":1,"k":[{"i":{"x":0.833,"y":0.833},"o":{"x":0.167,"y":0.167},"t":80,"s":[{"i":[[0,0],[0,0]],"o":[[0,0],[0,0]],"v":[[-8.25,87.5],[-94.25,179]],"c":false}]},{"i":{"x":0.833,"y":0.833},"o":{"x":0.167,"y":0.167},"t":82.5,"s":[{"i":[[1.25,-51.5],[0,0]],"o":[[-1.25,51.5],[0,0]],"v":[[-8.5,91.5],[-81.75,163.5]],"c":false}]},{"i":{"x":0.833,"y":0.833},"o":{"x":0.167,"y":0.167},"t":85,"s":[{"i":[[-22.867,-46.162],[0,0]],"o":[[26.75,54],[0,0]],"v":[[-8.5,95.5],[-65.75,149.5]],"c":false}]},{"i":{"x":0.833,"y":0.833},"o":{"x":0.167,"y":0.167},"t":87.5,"s":[{"i":[[-32.036,-40.342],[0,0]],"o":[[27,34],[0,0]],"v":[[-8.5,100],[-45.25,140]],"c":false}]},{"i":{"x":0.833,"y":0.833},"o":{"x":0.167,"y":0.167},"t":90,"s":[{"i":[[-51.47,2.163],[0,0]],"o":[[59.5,-2.5],[0,0]],"v":[[-8.5,103],[-19.75,146]],"c":false}]},{"i":{"x":0.833,"y":0.833},"o":{"x":0.167,"y":0.167},"t":92.5,"s":[{"i":[[-51.493,1.511],[0,0]],"o":[[102.25,-3],[0,0]],"v":[[-8.5,98.5],[4.25,154.5]],"c":false}]},{"i":{"x":0.833,"y":0.833},"o":{"x":0.167,"y":0.167},"t":95,"s":[{"i":[[-51.455,-2.493],[0,0]],"o":[[72.25,3.5],[0,0]],"v":[[-8.5,94.5],[30.75,161.5]],"c":false}]},{"i":{"x":0.833,"y":0.833},"o":{"x":0.167,"y":0.167},"t":97.5,"s":[{"i":[[-49.229,-15.177],[0,0]],"o":[[63.25,19.5],[0,0]],"v":[[-8.5,91],[55.25,173.5]],"c":false}]},{"i":{"x":0.833,"y":0.833},"o":{"x":0.167,"y":0.167},"t":100,"s":[{"i":[[-43.615,-27.415],[0,0]],"o":[[43.75,27.5],[0,0]],"v":[[-8.5,89],[79.25,183.5]],"c":false}]},{"i":{"x":0.833,"y":0.833},"o":{"x":0.167,"y":0.167},"t":102.5,"s":[{"i":[[-48.701,-16.793],[0,0]],"o":[[65.25,22.5],[0,0]],"v":[[-8.5,92],[54.75,181.5]],"c":false}]},{"i":{"x":0.833,"y":0.833},"o":{"x":0.167,"y":0.167},"t":105,"s":[{"i":[[-49.736,-13.423],[0,0]],"o":[[72.25,19.5],[0,0]],"v":[[-8.5,95],[33.25,182.5]],"c":false}]},{"i":{"x":0.833,"y":0.833},"o":{"x":0.167,"y":0.167},"t":107.5,"s":[{"i":[[-38.97,-33.693],[0,0]],"o":[[48,41.5],[0,0]],"v":[[-8.5,99.5],[10.75,184]],"c":false}]},{"i":{"x":0.833,"y":0.833},"o":{"x":0.167,"y":0.167},"t":110,"s":[{"i":[[-33.022,-39.539],[0,0]],"o":[[38,45.5],[0,0]],"v":[[-8.5,103.5],[-12.25,183.5]],"c":false}]},{"i":{"x":0.833,"y":0.833},"o":{"x":0.167,"y":0.167},"t":112.5,"s":[{"i":[[-14.482,-49.438],[0,0]],"o":[[14.5,49.5],[0,0]],"v":[[-8.5,98.5],[-34.25,184.5]],"c":false}]},{"i":{"x":0.833,"y":0.833},"o":{"x":0.167,"y":0.167},"t":115,"s":[{"i":[[8.094,-50.875],[0,0]],"o":[[-8.75,55],[0,0]],"v":[[-8.5,96.5],[-54.25,184]],"c":false}]},{"i":{"x":0.833,"y":0.833},"o":{"x":0.167,"y":0.167},"t":117.5,"s":[{"i":[[23.218,-45.986],[0,0]],"o":[[-25.75,51],[0,0]],"v":[[-8.25,87.5],[-75.25,182]],"c":false}]},{"i":{"x":0.833,"y":0.833},"o":{"x":0.167,"y":0.167},"t":120,"s":[{"i":[[0,0],[0,0]],"o":[[0,0],[0,0]],"v":[[-8.25,87.5],[-94.25,179]],"c":false}]},{"i":{"x":0.833,"y":0.833},"o":{"x":0.167,"y":0.167},"t":122.5,"s":[{"i":[[1.25,-51.5],[0,0]],"o":[[-1.25,51.5],[0,0]],"v":[[-8.5,91.5],[-81.75,163.5]],"c":false}]},{"i":{"x":0.833,"y":0.833},"o":{"x":0.167,"y":0.167},"t":125,"s":[{"i":[[-22.867,-46.162],[0,0]],"o":[[26.75,54],[0,0]],"v":[[-8.5,95.5],[-65.75,149.5]],"c":false}]},{"i":{"x":0.833,"y":0.833},"o":{"x":0.167,"y":0.167},"t":127.5,"s":[{"i":[[-32.036,-40.342],[0,0]],"o":[[27,34],[0,0]],"v":[[-8.5,100],[-45.25,140]],"c":false}]},{"i":{"x":0.833,"y":0.833},"o":{"x":0.167,"y":0.167},"t":130,"s":[{"i":[[-51.47,2.163],[0,0]],"o":[[59.5,-2.5],[0,0]],"v":[[-8.5,103],[-19.75,146]],"c":false}]},{"i":{"x":0.833,"y":0.833},"o":{"x":0.167,"y":0.167},"t":132.5,"s":[{"i":[[-51.493,1.511],[0,0]],"o":[[102.25,-3],[0,0]],"v":[[-8.5,98.5],[4.25,154.5]],"c":false}]},{"i":{"x":0.833,"y":0.833},"o":{"x":0.167,"y":0.167},"t":135,"s":[{"i":[[-51.455,-2.493],[0,0]],"o":[[72.25,3.5],[0,0]],"v":[[-8.5,94.5],[30.75,161.5]],"c":false}]},{"i":{"x":0.833,"y":0.833},"o":{"x":0.167,"y":0.167},"t":137.5,"s":[{"i":[[-49.229,-15.177],[0,0]],"o":[[63.25,19.5],[0,0]],"v":[[-8.5,91],[55.25,173.5]],"c":false}]},{"i":{"x":0.833,"y":0.833},"o":{"x":0.167,"y":0.167},"t":140,"s":[{"i":[[-43.615,-27.415],[0,0]],"o":[[43.75,27.5],[0,0]],"v":[[-8.5,89],[79.25,183.5]],"c":false}]},{"i":{"x":0.833,"y":0.833},"o":{"x":0.167,"y":0.167},"t":142.5,"s":[{"i":[[-48.701,-16.793],[0,0]],"o":[[65.25,22.5],[0,0]],"v":[[-8.5,92],[54.75,181.5]],"c":false}]},{"i":{"x":0.833,"y":0.833},"o":{"x":0.167,"y":0.167},"t":145,"s":[{"i":[[-49.736,-13.423],[0,0]],"o":[[72.25,19.5],[0,0]],"v":[[-8.5,95],[33.25,182.5]],"c":false}]},{"i":{"x":0.833,"y":0.833},"o":{"x":0.167,"y":0.167},"t":147.5,"s":[{"i":[[-38.97,-33.693],[0,0]],"o":[[48,41.5],[0,0]],"v":[[-8.5,99.5],[10.75,184]],"c":false}]},{"i":{"x":0.833,"y":0.833},"o":{"x":0.167,"y":0.167},"t":150,"s":[{"i":[[-33.022,-39.539],[0,0]],"o":[[38,45.5],[0,0]],"v":[[-8.5,103.5],[-12.25,183.5]],"c":false}]},{"i":{"x":0.833,"y":0.833},"o":{"x":0.167,"y":0.167},"t":152.5,"s":[{"i":[[-14.482,-49.438],[0,0]],"o":[[14.5,49.5],[0,0]],"v":[[-8.5,98.5],[-34.25,184.5]],"c":false}]},{"i":{"x":0.833,"y":0.833},"o":{"x":0.167,"y":0.167},"t":155,"s":[{"i":[[8.094,-50.875],[0,0]],"o":[[-8.75,55],[0,0]],"v":[[-8.5,96.5],[-54.25,184]],"c":false}]},{"i":{"x":0.833,"y":0.833},"o":{"x":0.167,"y":0.167},"t":157.5,"s":[{"i":[[23.218,-45.986],[0,0]],"o":[[-25.75,51],[0,0]],"v":[[-8.25,87.5],[-75.25,182]],"c":false}]},{"t":160,"s":[{"i":[[0,0],[0,0]],"o":[[0,0],[0,0]],"v":[[-8.25,87.5],[-94.25,179]],"c":false}]}],"ix":2},"nm":"Path 1","mn":"ADBE Vector Shape - Group","hd":false},{"ty":"st","c":{"a":0,"k":[0.956862984452,0.737254961799,0,1],"ix":3},"o":{"a":0,"k":100,"ix":4},"w":{"a":0,"k":16,"ix":5},"lc":1,"lj":1,"ml":4,"bm":0,"nm":"Stroke 1","mn":"ADBE Vector Graphic - Stroke","hd":false},{"ty":"tr","p":{"a":0,"k":[0,0],"ix":2},"a":{"a":0,"k":[0,0],"ix":1},"s":{"a":0,"k":[100,100],"ix":3},"r":{"a":0,"k":0,"ix":6},"o":{"a":0,"k":100,"ix":7},"sk":{"a":0,"k":0,"ix":4},"sa":{"a":0,"k":0,"ix":5},"nm":"Transform"}],"nm":"Shape 1","np":2,"cix":2,"bm":0,"ix":1,"mn":"ADBE Vector Group","hd":false}],"ip":-20,"op":2980,"st":-20,"bm":0},{"ddd":0,"ind":12,"ty":4,"nm":"L_Leg","sr":1,"ks":{"o":{"a":0,"k":100,"ix":11},"r":{"a":0,"k":0,"ix":10},"p":{"a":0,"k":[960,540,0],"ix":2},"a":{"a":0,"k":[0,0,0],"ix":1},"s":{"a":0,"k":[100,100,100],"ix":6}},"ao":0,"shapes":[{"ty":"gr","it":[{"ind":0,"ty":"sh","ix":1,"ks":{"a":1,"k":[{"i":{"x":0.833,"y":0.833},"o":{"x":0.167,"y":0.167},"t":100,"s":[{"i":[[0,0],[0,0]],"o":[[0,0],[0,0]],"v":[[-8.25,87.5],[-94.25,179]],"c":false}]},{"i":{"x":0.833,"y":0.833},"o":{"x":0.167,"y":0.167},"t":102.5,"s":[{"i":[[1.25,-51.5],[0,0]],"o":[[-1.25,51.5],[0,0]],"v":[[-8.5,91.5],[-81.75,163.5]],"c":false}]},{"i":{"x":0.833,"y":0.833},"o":{"x":0.167,"y":0.167},"t":105,"s":[{"i":[[-22.867,-46.162],[0,0]],"o":[[26.75,54],[0,0]],"v":[[-8.5,95.5],[-65.75,149.5]],"c":false}]},{"i":{"x":0.833,"y":0.833},"o":{"x":0.167,"y":0.167},"t":107.5,"s":[{"i":[[-32.036,-40.342],[0,0]],"o":[[27,34],[0,0]],"v":[[-8.5,100],[-45.25,140]],"c":false}]},{"i":{"x":0.833,"y":0.833},"o":{"x":0.167,"y":0.167},"t":110,"s":[{"i":[[-51.47,2.163],[0,0]],"o":[[59.5,-2.5],[0,0]],"v":[[-8.5,103],[-19.75,146]],"c":false}]},{"i":{"x":0.833,"y":0.833},"o":{"x":0.167,"y":0.167},"t":112.5,"s":[{"i":[[-51.493,1.511],[0,0]],"o":[[102.25,-3],[0,0]],"v":[[-8.5,98.5],[4.25,154.5]],"c":false}]},{"i":{"x":0.833,"y":0.833},"o":{"x":0.167,"y":0.167},"t":115,"s":[{"i":[[-51.455,-2.493],[0,0]],"o":[[72.25,3.5],[0,0]],"v":[[-8.5,94.5],[30.75,161.5]],"c":false}]},{"i":{"x":0.833,"y":0.833},"o":{"x":0.167,"y":0.167},"t":117.5,"s":[{"i":[[-49.229,-15.177],[0,0]],"o":[[63.25,19.5],[0,0]],"v":[[-8.5,91],[55.25,173.5]],"c":false}]},{"i":{"x":0.833,"y":0.833},"o":{"x":0.167,"y":0.167},"t":120,"s":[{"i":[[-43.615,-27.415],[0,0]],"o":[[43.75,27.5],[0,0]],"v":[[-8.5,89],[79.25,183.5]],"c":false}]},{"i":{"x":0.833,"y":0.833},"o":{"x":0.167,"y":0.167},"t":122.5,"s":[{"i":[[-48.701,-16.793],[0,0]],"o":[[65.25,22.5],[0,0]],"v":[[-8.5,92],[54.75,181.5]],"c":false}]},{"i":{"x":0.833,"y":0.833},"o":{"x":0.167,"y":0.167},"t":125,"s":[{"i":[[-49.736,-13.423],[0,0]],"o":[[72.25,19.5],[0,0]],"v":[[-8.5,95],[33.25,182.5]],"c":false}]},{"i":{"x":0.833,"y":0.833},"o":{"x":0.167,"y":0.167},"t":127.5,"s":[{"i":[[-38.97,-33.693],[0,0]],"o":[[48,41.5],[0,0]],"v":[[-8.5,99.5],[10.75,184]],"c":false}]},{"i":{"x":0.833,"y":0.833},"o":{"x":0.167,"y":0.167},"t":130,"s":[{"i":[[-33.022,-39.539],[0,0]],"o":[[38,45.5],[0,0]],"v":[[-8.5,103.5],[-12.25,183.5]],"c":false}]},{"i":{"x":0.833,"y":0.833},"o":{"x":0.167,"y":0.167},"t":132.5,"s":[{"i":[[-14.482,-49.438],[0,0]],"o":[[14.5,49.5],[0,0]],"v":[[-8.5,98.5],[-34.25,184.5]],"c":false}]},{"i":{"x":0.833,"y":0.833},"o":{"x":0.167,"y":0.167},"t":135,"s":[{"i":[[8.094,-50.875],[0,0]],"o":[[-8.75,55],[0,0]],"v":[[-8.5,96.5],[-54.25,184]],"c":false}]},{"i":{"x":0.833,"y":0.833},"o":{"x":0.167,"y":0.167},"t":137.5,"s":[{"i":[[23.218,-45.986],[0,0]],"o":[[-25.75,51],[0,0]],"v":[[-8.25,87.5],[-75.25,182]],"c":false}]},{"t":140,"s":[{"i":[[0,0],[0,0]],"o":[[0,0],[0,0]],"v":[[-8.25,87.5],[-94.25,179]],"c":false}]}],"ix":2},"nm":"Path 1","mn":"ADBE Vector Shape - Group","hd":false},{"ty":"st","c":{"a":0,"k":[0.956862984452,0.737254961799,0,1],"ix":3},"o":{"a":0,"k":100,"ix":4},"w":{"a":0,"k":16,"ix":5},"lc":1,"lj":1,"ml":4,"bm":0,"nm":"Stroke 1","mn":"ADBE Vector Graphic - Stroke","hd":false},{"ty":"tr","p":{"a":0,"k":[0,0],"ix":2},"a":{"a":0,"k":[0,0],"ix":1},"s":{"a":0,"k":[100,100],"ix":3},"r":{"a":0,"k":0,"ix":6},"o":{"a":0,"k":100,"ix":7},"sk":{"a":0,"k":0,"ix":4},"sa":{"a":0,"k":0,"ix":5},"nm":"Transform"}],"nm":"Shape 1","np":2,"cix":2,"bm":0,"ix":1,"mn":"ADBE Vector Group","hd":false}],"ip":0,"op":3000,"st":0,"bm":0}]}],"layers":[{"ddd":0,"ind":1,"ty":0,"nm":"duck_forAE","refId":"comp_0","sr":1,"ks":{"o":{"a":0,"k":100,"ix":11},"r":{"a":0,"k":0,"ix":10},"p":{"a":0,"k":[450,300,0],"ix":2},"a":{"a":0,"k":[960,540,0],"ix":1},"s":{"a":0,"k":[100,100,100],"ix":6}},"ao":0,"w":1920,"h":1080,"ip":0,"op":3000,"st":0,"bm":0}],"markers":[]}